id,name,measurement_unit
2188,ячневая крупа,г
2187,ячмень,г
2186,ячменные хлопья,г
2185,японская крошка панко,г
2184,яйца перепелиные,г
2183,яйца куриные крупные,г
2182,яйца куриные,г
2181,яичный порошок,ст. л.
2180,яичный меланж,г
2179,яичные желтки крупные,г
2178,яичные желтки вареные,шт.
2177,яичные желтки,г
2176,яичные белки,г
2175,ягоды лесные замороженные,г
2174,ягоды лесные,г
2173,ягоды замороженные,г
2172,ягоды вяленые,по вкусу
2171,ягоды,г
2170,ягодный соус кислый,г
2169,ягодный сок,г
2168,ягодный сироп,г
2167,ягодное желе,г
2166,ягодное варенье,ст. л.
2165,ягнячья корейка,г
2164,ягнячья голень нарубленная,г
2163,ягнячьи отбивные на косточке,шт.
2162,ягнятина фарш,г
2161,ягнятина кострец,г
2160,ягнятина,г
2159,яблочный уксус,г
2158,яблочный соус,ст. л.
2157,яблочный сок,г
2156,яблочный сироп,ст. л.
2155,яблочный джем,г
2154,яблочные чипсы,стакан
2153,яблочное пюре,г
2152,яблочное повидло,г
2151,яблочное варенье,г
2150,яблочная эссенция,ч. л.
2149,яблоки сушеные,г
2148,яблоки сладкие,г
2147,яблоки нетвердых сортов,г
2146,яблоки моченые,шт.
2145,яблоки красные,шт.
2144,яблоки зеленые,г
2143,яблоки гренни смит,кг
2142,яблоки голден,г
2141,яблоки гала,г
2140,яблоки антоновка,кг
2139,яблоки,г
2138,эстрагон сушеный,веточка
2137,эстрагон,г
2136,эскалоп,г
2135,эмменталь,г
2134,эль,мл
2133,эдам,г
2132,эгг-ног,стакан
2131,щука филе,г
2130,щука,г
2129,щавель свежий,веточка
2128,щавель замороженный,г
2127,шрот,г
2126,шпроты в масле,г
2125,шпроты,г
2124,шпинат свежий,г
2123,шпинат молодой,г
2122,шпинат замороженный,г
2121,шпинат,г
2120,шпик копченый,г
2119,шпик,шт.
2118,шортенинг,стакан
2117,шоколад черный горький 85%,г
2116,шоколад черный горький 75%,ч. л.
2115,шоколад черный горький 70%,г
2114,шоколад черный горький,г
2113,шоколад с орехами,г
2112,шоколад полусладкий,г
2111,шоколадный соус,г
2110,шоколадный сироп,г
2109,шоколадный ликер,г
2108,шоколадные шарики из готовых завтраков,горсть
2107,шоколадные хлопья,г
2106,шоколадные конфеты,г
2105,шоколадные капли белые,г
2104,шоколадные капли,г
2103,шоколадные горошины,г
2102,шоколадно-ореховая паста,г
2101,шоколадное масло,г
2100,шоколадная стружка,г
2099,шоколадная паста,г
2098,шоколад мятный,г
2097,шоколад молочный,г
2096,шоколад горький с апельсиновой цедрой,г
2095,шоколад белый,г
2094,шоколад,г
2093,шнитт-лук,стебель
2092,шнапс,г
2091,шиповниковый сироп,г
2090,шиповник,г
2089,шелковица сушеная,г
2088,шелковица,г
2087,шафран нити,шт.
2086,шафран молотый,ч. л.
2085,шафран имеретинский,г
2084,шафран,г
2083,шампиньоны свежие,г
2082,шампиньоны маринованные,г
2081,шампиньоны консервированные,г
2080,шампиньоны замороженные,г
2079,шампиньоны,по вкусу
2078,шампанское сухое,ст. л.
2077,шампанское советское,стакан
2076,шампанское,г
2075,шалфей сушеный,лист
2074,шалфей свежий,пучок
2073,шалфей,г
2072,чоризо,г
2071,чипсы,г
2070,чипотле молотый,щепотка
2069,чиа семена,г
2068,чиабатта,кусок
2067,чечил спагетти,г
2066,чечевица красная,г
2065,чечевица зеленая,г
2064,чечевица вареная,ст. л.
2063,чечевица,г
2062,чесночный порошок,г
2061,чесночное масло,по вкусу
2060,чесночная соль,щепотка
2059,чеснок сушеный,г
2058,чеснок молодой,г
2057,чеснок,г
2056,черносмородиновый джем,г
2055,черносмородиновое варенье,г
2054,чернослив копченый без косточек,г
2053,чернослив вяленый,г
2052,чернослив без косточек,г
2051,чернослив,г
2050,черничный джем,стакан
2049,чернила каракатицы,г
2048,черника замороженная,г
2047,черника,г
2046,черная смородина,г
2045,черешня консервированная без косточек,ст. л.
2044,черешня,г
2043,черешневый джем,г
2042,черемша,г
2041,черемуховая мука,г
2040,черемуха,г
2039,чеддер,г
2038,чатни манго,г
2037,чай эрл грей,стакан
2036,чай черный со специями,пакет
2035,чай черный крупнолистовой,ч. л.
2034,чай черный,г
2033,чай ройбуш,ст. л.
2032,чай красный,г
2031,чай копченый лапсанг сушонг,г
2030,чай зеленый,пакетик
2029,чай жасминовый,ст. л.
2028,чай дарджилинг,пакетик
2027,чабрец сушеный,г
2026,чабрец,г
2025,чабер,г
2024,цыплята-корнишоны,шт.
2023,цыплята,г
2022,цукини цветы,шт.
2021,цукини,г
2020,цукаты,г
2019,цитрусовый свежевыжатый сок,мл
2018,цитрусовые цукаты,шт.
2017,цитроновые цукаты,горсть
2016,цикорий,ч. л.
2015,цесарка тушка,г
2014,хурма спелая,г
2013,хурма,г
2012,хрен со сливками,г
2011,хрен протертый,г
2010,хрен,г
2009,хмель,ст. л.
2008,хмели-сунели,г
2007,хлорид кальция,г
2006,хлопья быстрого приготовления,стакан
2005,хлопья 7 злаков,ст. л.
2004,хлопья 5 злаков,г
2003,хлопья 4 злака,г
2002,хлебцы пшенично-ржаные цельнозерновые,г
2001,хлеб цельнозерновой,г
2000,хлеб с кунжутом,кусок
1999,хлеб серый,г
1998,хлеб ржаной,г
1997,хлебная крошка,г
1996,хлеб для сэндвичей,г
1995,хлеб датский ржаной,г
1994,хлеб бородинский,кусок
1993,хлеб белый сухой,г
1992,хлеб белый,г
1991,хлеб 7 злаков,батон
1990,хлеб,г
1989,хересный уксус,ч. л.
1988,херес,стакан
1987,хек филе,г
1986,хек,г
1985,хамон,г
1984,халуми,г
1983,халва подсолнечная,г
1982,халва ванильная,г
1981,халва,г
1980,фунчоза,г
1979,фундучная мука,г
1978,фундук,г
1977,фрукты консервированные,г
1976,фрукты,г
1975,фруктоза,г
1974,фруктовый сок без сахара,стакан
1973,фруктовый сок,г
1972,фруктовый сироп,г
1971,фрукт дракона,шт.
1970,фрикадельки,г
1969,форель холодного копчения,г
1968,форель филе,г
1967,форель стейки,шт.
1966,форель слабосоленая,г
1965,форель озерная свежая,шт.
1964,форель горячего копчения,г
1963,форель вареная,г
1962,форель,г
1961,фокачча,по вкусу
1960,фисташковое масло,г
1959,фисташковая паста,г
1958,фисташковая мука,г
1957,фисташки рубленые,г
1956,фисташки очищенные несоленые,горсть
1955,фисташки очищенные,г
1954,фисташки,г
1953,финики иранские без косточек,шт.
1952,финики иранские,г
1951,финики без косточек,стакан
1950,финики,г
1949,филе палтуса,шт.
1948,филе лосося,г
1947,филе красного окуня,шт.
1946,физалис,по вкусу
1945,фиалковый сироп,г
1944,фиалки засахаренные,шт.
1943,феттучине,г
1942,фетакса,г
1941,фетаки,г
1940,фета,г
1939,фестонате,г
1938,фенхель семена молотые,г
1937,фенхель семена,г
1936,фенхель,г
1935,фейхоа,г
1934,фасоль черный глаз,г
1933,фасоль стручковая консервированная,г
1932,фасоль стручковая замороженная,г
1931,фасоль стручковая,г
1930,фасоль спаржевая вареная,г
1929,фасоль пинто,г
1928,фасоль молодая замороженная,г
1927,фасоль красная консервированная,г
1926,фасоль красная вареная,стакан
1925,фасоль красная,г
1924,фасоль консервированная,г
1923,фасоль кидни красная,г
1922,фасоль кенийская,горсть
1921,фасоль зеленая стручковая,г
1920,фасоль белая лима,г
1919,фасоль белая консервированная,г
1918,фасоль белая,г
1917,фасоль,г
1916,фарш (свинина и курица),г
1915,фарш (баранина и говядина),г
1914,фазан,г
1913,уцхо-сунели,г
1912,утка тушка,тушка
1911,утка печеная,г
1910,утка,по вкусу
1909,утиные ножки,по вкусу
1908,утиные бедрышки,г
1907,утиное филе,г
1906,утиная печень,г
1905,утиная грудка,г
1904,устрицы,г
1903,урюк,г
1902,улитки виноградные,шт.
1901,улитки,г
1900,уксус столовый,г
1899,уксусная эссенция,г
1898,уксус из сидра,ст. л.
1897,уксус 9%,г
1896,уксус,г
1895,укроп сушеный,г
1894,укроп свежий,г
1893,укропное семя,ч. л.
1892,укроп,г
1891,угурт,г
1890,угорь копченый,г
1889,угорь,г
1888,тюлька свежая,г
1887,тыквенные семечки,г
1886,тыквенное пюре,г
1885,тыквенное масло,шт.
1884,тыква,г
1883,тушенка,г
1882,тунец филе,г
1881,тунец консервированный,г
1880,тунец,по вкусу
1879,трюфель черный,шт.
1878,трюфельное масло,ст. л.
1877,трюфельная крошка,г
1876,трюфель,г
1875,треска филе,г
1874,треска печень,г
1873,треска,г
1872,травы сухие,г
1871,травы пряные с перцем,ч. л.
1870,травы ароматные,г
1869,тофу,г
1868,тортильони,г
1867,тортильи,по вкусу
1866,топленое масло,г
1865,топинамбур,г
1864,тоник,бутылка
1863,томатный соус с базиликом,г
1862,томатный соус острый,г
1861,томатный соус итальянский,г
1860,томатный соус,г
1859,томатный сок,г
1858,томатный порошок,г
1857,томатный концентрат,г
1856,томатное пюре,г
1855,томатная паста,г
1854,тмин молотый,г
1853,тмин,г
1852,ткемали,г
1851,тимьян сушеный,г
1850,тимьян свежий,по вкусу
1849,тимьян лимонный,веточка
1848,тимьян,горсть
1847,тильзитер,г
1846,тилапия филе,г
1845,тилапия,г
1844,тесто фило,г
1843,тесто слоеное дрожжевое,кг
1842,тесто слоеное бездрожжевое,по вкусу
1841,тесто слоеное,г
1840,тесто пряничное,г
1839,тесто пресное,г
1838,тесто песочное,по вкусу
1837,тесто пельменное,г
1836,тесто макаронное для лазаньи,г
1835,тесто макаронное,г
1834,тесто катаифи,г
1833,тесто дрожжевое,по вкусу
1832,тесто для пиццы,шт.
1831,тесто для вонтонов,г
1830,тесто готовое,г
1829,тесто бездрожжевое,г
1828,телячья щека,шт.
1827,телячья печень,г
1826,телячья вырезка,г
1825,телячьи эскалопы,г
1824,телячьи шницели,шт.
1823,телячьи отбивные на косточке,шт.
1822,телячий фарш,г
1821,телятина вареная,г
1820,телятина,по вкусу
1819,текила,стакан
1818,творожок клубничный,г
1817,творожный сыр соленый,г
1816,творожный сыр,г
1815,творожная паста,г
1814,творожная масса,г
1813,творог обезжиренный,г
1812,творог зерненый,г
1811,творог жирный,г
1810,творог 9%,г
1809,творог 5%,г
1808,творог 2%,г
1807,творог 18%,г
1806,творог,г
1805,тархун,г
1804,тартар,ст. л.
1803,тарталетки,по вкусу
1802,тапиока,г
1801,тамариндовая паста,ч. л.
1800,тамаринд,шт.
1799,тальятелле-гнезда,шт.
1798,тальятелле,г
1797,тальолини,г
1796,таледжо,г
1795,сычужный фермент,ч. л.
1794,сыр швейцарский,г
1793,сыр хаварти,г
1792,сыр фонтина,г
1791,сыр филадельфия,г
1790,сыр твердый,г
1789,сыр с плесенью мягкий,г
1788,сыр с плесенью,г
1787,сыр сливочный,г
1786,сыр скаморца копченый,г
1785,сыр скаморца,г
1784,сыр российский,г
1783,сыр провола,г
1782,сыр полутвердый,г
1781,сыр пластинками,г
1780,сыр плавленый шоколадный,г
1779,сыр плавленый,г
1778,сыр пеше миньон,г
1777,сыр панир,г
1776,сыр овечий,г
1775,сыр мягкий,по вкусу
1774,сыр мраморный,г
1773,сыр Маскарпоне,г
1772,сыр коттедж,г
1771,сыр копченый,г
1770,сыр колбасный,г
1769,сыр козий твердый,г
1768,сыр козий мягкий,г
1767,сырки творожные,г
1766,сыр кефалотири,г
1765,сыр имеретинский,г
1764,сыр дорблю,г
1763,сыр домашний,г
1762,сыр джугас,г
1761,сыр гравьера,г
1760,сыр голубой,г
1759,сыр голландский,г
1758,сыр гойя,г
1757,сыр гауда,г
1756,сыр буко,г
1755,сыр бри,г
1754,сыр адыгейский,г
1753,сыр Австрия блю,г
1752,сыр tete de moine,г
1751,сыр,г
1750,сыворотка,г
1749,сушки,г
1748,сухофрукты тропические,по вкусу
1747,сухофрукты,г
1746,сухарная крошка,г
1745,сухари ржаные,г
1744,сухари панировочные,г
1743,сухари молотые,г
1742,сухари белые,г
1741,сухари,по вкусу
1740,суповой набор,г
1739,сумах,г
1738,сулугуни копченый,г
1737,сулугуни,г
1736,судак филе на коже,г
1735,судак филе,г
1734,судак,г
1733,страчателла,г
1732,стеклянная лапша,г
1731,стейк семги,г
1730,стейк семги,шт.
1729,ставрида,г
1728,спред,г
1727,спирулина порошок,г
1726,спирт,г
1725,специи,г
1724,спельтовая (полбяная) мука,г
1723,спельта,стакан
1722,спек,г
1721,спаржа молодая,г
1720,спаржа зеленая,г
1719,спаржа белая,г
1718,спаржа,кг
1717,спагетти лунги,г
1716,спагетти № 5,г
1715,спагетти № 3,г
1714,спагетти,г
1713,соя,г
1712,соус экзотический,г
1711,соус чили сладкий,ч. л.
1710,соус чили,г
1709,соус устричный,ч. л.
1708,соус ткемали ранний,ст. л.
1707,соус ткемали благородный,г
1706,соус ткемали,стакан
1705,соус терияки,г
1704,соус табаско,капля
1703,соус сацебели,г
1702,соус песто,по вкусу
1701,соус острый,г
1700,соус наршараб,г
1699,соус мирин,по вкусу
1698,соус красный острый,г
1697,соус краснодарский,г
1696,соус барбекю,г
1695,соус sambal oelek,ч. л.
1694,соус black bean,ст. л.
1693,соус,г
1692,сосиски копченые,г
1691,сосиски из куриного фарша,шт.
1690,сосиски,г
1689,сом филе,г
1688,соль морская,г
1687,соль крупного помола,г
1686,соль гималайская,г
1685,соль,г
1684,соломка,г
1683,солод темный,г
1682,солодовый экстракт,г
1681,солод жидкий,г
1680,солод,ч. л.
1679,сок юзу,мл
1678,сок мультивитаминный,мл
1677,сок из красных апельсинов,мл
1676,сок,г
1675,соевый соус,г
1674,соевые ростки,г
1673,соевое молоко,г
1672,соевое масло,г
1671,соевая мука,г
1670,сода,г
1669,сныть,г
1668,снежок,л
1667,сморчки сухие,г
1666,смородиновые листья,г
1665,смородина сушеная,г
1664,сметана некислая,г
1663,сметана нежирная,г
1662,сметана жирная,г
1661,сметана 35%,г
1660,сметана 30%,г
1659,сметана 25%,г
1658,сметана 20%,г
1657,сметана 18%,г
1656,сметана 15%,ч. л.
1655,сметана 10%,г
1654,сметана,г
1653,смесь для хлеба 8 злаков,г
1652,смесь для оладий,г
1651,смесь для кекса,шт.
1650,смалец,г
1649,сливы замороженные,г
1648,сливы,кг
1647,сливочное масло,г
1646,сливовый соус,г
1645,сливовый ликер,ст. л.
1644,сливовый джем,г
1643,сливовое вино,г
1642,сливовое варенье,г
1641,сливовая паста,г
1640,сливки кондитерские,г
1639,сливки жирные,г
1638,сливки 33-35%,г
1637,сливки 20%,г
1636,сливки 15%,г
1635,сливки 10-20%,г
1634,сливки,упаковка
1633,скумбрия холодного копчения,г
1632,скумбрия филе,г
1631,скумбрия свежая,г
1630,скумбрия,по вкусу
1629,сироп топинамбура,стакан
1628,сироп от консервированных персиков,ст. л.
1627,сироп от консервированных груш,г
1626,сироп,г
1625,сидр,г
1624,сибас,г
1623,сервелат варено-копченый,г
1622,семолина,г
1621,семечки смесь,ст. л.
1620,семечки,г
1619,семга филе на коже,г
1618,семга соленая,г
1617,семга свежая,г
1616,семга копченая,г
1615,семга,г
1614,сельдь филе,г
1613,сельдь соленая,шт.
1612,сельдь слабосоленая,г
1611,сельдь,г
1610,сельдерей стебли,г
1609,сельдерей семена,ч. л.
1608,сельдерейная соль,г
1607,сельдерей корень сушеный,по вкусу
1606,сельдерей корень,г
1605,сельдерей зелень,г
1604,сельдерей,г
1603,свити,г
1602,свиные щечки,шт.
1601,свиные уши,шт.
1600,свиные ребра,г
1599,свиные отбивные на косточке,г
1598,свиные отбивные,г
1597,свиные ножки,г
1596,свиные легкие,г
1595,свиные котлеты на косточке,шт.
1594,свиной язык,г
1593,свиной фарш,г
1592,свиной подчеревок,г
1591,свиное филе,г
1590,свиное сердце,г
1589,свинина с жирком,г
1588,свинина нежирная,г
1587,свинина вареная,г
1586,свинина,г
1585,свиная шейка,кусок
1584,свиная рулька копченая,г
1583,свиная рулька варено-копченая,г
1582,свиная рулька,по вкусу
1581,свиная печень,г
1580,свиная пашина,кг
1579,свиная мякоть,г
1578,свиная лопатка варено-копченая,г
1577,свиная корейка на кости,г
1576,свиная корейка копченая,г
1575,свиная корейка,г
1574,свиная грудинка,г
1573,свиная голова,г
1572,свиная вырезка,г
1571,свекольные листья,г
1570,свекольная ботва,г
1569,свекла вареная,г
1568,свекла,г
1567,сванская соль,г
1566,сахар тростниковый,г
1565,сахар-рафинад с корицей,г
1564,сахар-рафинад,г
1563,сахар пальмовый,г
1562,сахарный сироп,г
1561,сахарный песок мелкий,г
1560,сахарный песок крупный,г
1559,сахарный песок,г
1558,сахарные кондитерские украшения,горсть
1557,сахарные жемчужинки,г
1556,сахарная пудра ванильная,г
1555,сахарная пудра апельсиновая,г
1554,сахарная пудра,г
1553,сахар мусковадо,горсть
1552,сахар коричневый крупнокристаллический,г
1551,сахар коричневый,г
1550,сахар жемчужный,г
1549,сахар демерара,г
1548,сахар ванильный,г
1547,сахар,г
1546,сардины в масле,банка
1545,сардины,г
1544,сардинки маленькие,шт.
1543,сардельки копченые,г
1542,сардельки,г
1541,салями итальянская,г
1540,салями,г
1539,сальса верде,ч. л.
1538,сальса,г
1537,сальник,г
1536,сало с мясными прослойками,г
1535,сало копченое с мясными прослойками,г
1534,сало копченое в перце,г
1533,сало,г
1532,салат фриссе,г
1531,салат романо,г
1530,салатный микс,г
1529,салат листовой,г
1528,салат кучерявый,г
1527,салат кочанный,г
1526,салат корн,пучок
1525,салат китайский,г
1524,салат айсберг,г
1523,салат,г
1522,салака,г
1521,саке,ст. л.
1520,сайра консервированная,банка
1519,сайра,г
1518,сайда филе,г
1517,сайда,г
1516,ряженка 4%,г
1515,ряженка,г
1514,рябчик,г
1513,рябина черноплодная,г
1512,рыбный фарш,г
1511,рыбный соус тайский,г
1510,рыбный соус Nam Pla,г
1509,рыбный соус,г
1508,рыбный бульон,г
1507,"рыбные обрезки, головы, плавники",по вкусу
1506,рыбные кости,г
1505,рыбные консервы,г
1504,рыбное филе,г
1503,рыба-соль,тушка
1502,рыба солнечник филе,шт.
1501,рыба морская,г
1500,рыба-меч,г
1499,рыба красная филе,г
1498,рыба красная соленая,г
1497,рыба красная,г
1496,рыба копченая филе,г
1495,рыба копченая,г
1494,рыба консервированная,банка
1493,рыба белая филе,г
1492,рыба белая,г
1491,рыба,г
1490,рулька,по вкусу
1489,рукола,г
1488,ростбиф,г
1487,ром темный,г
1486,ромовый экстракт,ч. л.
1485,ромашка сушеная,г
1484,ром,бутылка
1483,рокфор,г
1482,розы,г
1481,розовые лепестки,г
1480,розовые бутоны сушеные,г
1479,розовая вода,г
1478,розмарин сушеный,по вкусу
1477,розмарин,шт.
1476,рожь,г
1475,рис японика,г
1474,рис пропаренный и дикий смесь,г
1473,рис пропаренный,г
1472,рисовый уксус,по вкусу
1471,рисовый крахмал,ст. л.
1470,рисовые шарики воздушные,г
1469,рисовые хлопья,г
1468,рисовое вино,ч. л.
1467,рисовая мука,г
1466,рисовая лапша,г
1465,рисовая бумага,г
1464,рис кубанский,г
1463,рис круглозерный,г
1462,рис красный,г
1461,рис карнароли,г
1460,рис италика,г
1459,рис индика,г
1458,рис золотистый,г
1457,рис жасминовый,г
1456,рис для суши,г
1455,рис для ризотто,г
1454,рис для пудинга,г
1453,рис для плова,г
1452,рис длиннозерный золотистый,г
1451,рис длиннозерный,г
1450,рис дикий и золотистый смесь,г
1449,рис дикий,г
1448,рис девзира,г
1447,рис виола,г
1446,рис вареный,г
1445,рис бурый и дикий смесь,г
1444,рис бурый,г
1443,рис басмати,г
1442,рис арборио,г
1441,рис,г
1440,рикотта твердая,г
1439,рикотта,г
1438,ригатони,г
1437,ржаные отруби,г
1436,ржаная мука,г
1435,ржаная закваска густая,г
1434,ржаная закваска,г
1433,репа белая,шт.
1432,репа,г
1431,редька черная,шт.
1430,редька зеленая,шт.
1429,редька белая,шт.
1428,редька,г
1427,редис,г
1426,реган,веточка
1425,ревень,г
1424,растительное молоко,стакан
1423,растительное масло рафинированное,г
1422,растительное масло нерафинированное,стакан
1421,растительное масло для жарки,г
1420,растительное масло,г
1419,рассол от оливок,ст. л.
1418,рассол от каперсов,ст. л.
1417,рассол,г
1416,рапсовое масло,по вкусу
1415,рапаны,г
1414,рамбутан,г
1413,раковые шейки в рассоле,г
1412,раковые шейки,г
1411,раки,шт.
1410,разрыхлитель,г
1409,радиккио,шт.
1408,пюре,по вкусу
1407,пыльца цветочная,г
1406,пшено,г
1405,пшенные хлопья,ст. л.
1404,пшеничные хлопья,г
1403,пшеничные ростки,г
1402,пшеничные отруби,г
1401,пшеничные зародыши,стакан
1400,пшеничная мука цельнозерновая,г
1399,пшеничная мука,г
1398,пшеничная крупа,г
1397,пшеница,г
1396,пудинг карамельный,г
1395,пудинг ванильный инстант,упаковка
1394,пудинг ванильный,г
1393,пудинг,г
1392,птитим,г
1391,псиллиум,г
1390,пряности,г
1389,пряничные специи,г
1388,пряники,г
1387,прошутто,г
1386,протеин сывороточный,г
1385,простокваша,г
1384,просекко,мл
1383,проволоне,г
1382,прованские травы,г
1381,приправы,г
1380,приправа с сушеными грибами,ч. л.
1379,приправа креольская,ст. л.
1378,приправа заатар,ч. л.
1377,приправа для салатов,по вкусу
1376,приправа для рыбы,г
1375,приправа для птицы,ст. л.
1374,приправа для плова,г
1373,приправа для пиццы,ч. л.
1372,приправа для паэльи,по вкусу
1371,приправа для мяса,г
1370,приправа для морепродуктов,по вкусу
1369,приправа для маринования свинины,по вкусу
1368,приправа для макарон,по вкусу
1367,приправа для курицы,г
1366,приправа для картофеля,г
1365,приправа для баранины,ст. л.
1364,приправа 5 специй (five spice),ч. л.
1363,приправа 4 перца,г
1362,почки,г
1361,посыпка кондитерская,по вкусу
1360,портулак,г
1359,портобелло,г
1358,портвейн,г
1357,поросенок,кг
1356,попкорн,г
1355,помидоры черри желтые,г
1354,помидоры черри,г
1353,помидоры сушеные хлопьями,г
1352,помидоры соленые,шт.
1351,помидоры протертые пассата,г
1350,помидоры консервированные в собственном соку с базиликом,г
1349,помидоры консервированные в собственном соку,г
1348,помидоры консервированные,г
1347,помидоры зеленые,кг
1346,помидоры желтые,шт.
1345,помидоры вяленые в масле,г
1344,помидоры вяленые,по вкусу
1343,помидоры бурые,г
1342,помидоры,г
1341,помело,г
1340,полента быстрого приготовления,стакан
1339,полента,по вкусу
1338,полба недозрелая,г
1337,полба,г
1336,подсолнечные семечки,г
1335,подсолнечное масло,г
1334,повидло,г
1333,питы,по вкусу
1332,пикша,шт.
1331,пиво темное,банка
1330,пиво светлое,г
1329,пиво нефильтрованное,г
1328,пиво имбирное,мл
1327,пиво,г
1326,печенье Юбилейное молочное,г
1325,печенье шоколадное,г
1324,печенье сухое,г
1323,печенье сладкое,г
1322,печенье сахарное,г
1321,печенье Савоярди,г
1320,печенье рассыпчатое,г
1319,печенье песочное,г
1318,печенье «Дамские пальчики»,г
1317,печенье галетное,шт.
1316,печенье бисквитное,г
1315,печенье Амаретти,г
1314,печенье Oreo,г
1313,печенье,по вкусу
1312,печень,г
1311,петрушка сушеная,г
1310,петрушка рубленая,г
1309,петрушка корень,г
1308,петрушка итальянская,пучок
1307,петрушка зелень,г
1306,петрушка,г
1305,перцовая паста,ч. л.
1304,персиковый сок,г
1303,персиковый сироп,мл
1302,персиковый мармелад,ст. л.
1301,персиковый джем,г
1300,персиковое пюре,г
1299,персики сушеные,горсть
1298,персики консервированные,г
1297,персики,г
1296,перловая мука,г
1295,перловая крупа,г
1294,перец ямайский,г
1293,перец чили хлопьями,по вкусу
1292,перец чили сухой,ст. л.
1291,перец чили молотый,г
1290,перец чили маринованный,по вкусу
1289,перец чили красный,стручок
1288,перец чили зеленый,стручок
1287,перец чили,г
1286,перец черный свежемолотый,г
1285,перец черный молотый,г
1284,перец черный горошком,по вкусу
1283,перец черный,ст. л.
1282,перец халапеньо маринованный,шт.
1281,перец халапеньо,г
1280,перец сычуаньский,г
1279,перец сладкий сушеный,г
1278,перец сладкий оранжевый,г
1277,перец сладкий красный молотый,г
1276,перец сладкий красный маринованный,шт.
1275,перец сладкий красный,г
1274,перец сладкий зеленый,г
1273,перец сладкий желтый,г
1272,перец сладкий,г
1271,перец сенегальский,по вкусу
1270,перец свежемолотый смесь,г
1269,перец розовый горошком,г
1268,перец пеперони красный,шт.
1267,перец пеперони,г
1266,перец падрон,г
1265,перец острый молотый,щепотка
1264,перец острый зеленый,шт.
1263,перец острый,г
1262,перец маринованный,г
1261,перец лимонный,г
1260,перец красный хлопьями,щепотка
1259,перец красный острый молотый,по вкусу
1258,перец красный острый,г
1257,перец красный молотый,г
1256,перец красный жгучий,г
1255,перец красный горошком,г
1254,перец красный,г
1253,перец кайенский молотый,щепотка
1252,перец кайенский красный,г
1251,перец кайенский,г
1250,перец испанский острый,шт.
1249,перец душистый молотый,г
1248,перец душистый горошком,г
1247,перец душистый,щепотка
1246,перец горошком смесь,г
1245,перец горошком,г
1244,перец болгарский красный,г
1243,перец болгарский зеленый,г
1242,перец болгарский желтый,г
1241,перец болгарский,г
1240,перец белый свежемолотый,ч. л.
1239,перец белый молотый,г
1238,перец белый горошком,по вкусу
1237,перец белый,г
1236,перец,г
1235,перепелки,тушка
1234,переводной лист для шоколада,шт.
1233,пеперончино молотый,щепотка
1232,пеперончино,ч. л.
1231,пенне ригате,г
1230,пенне,г
1229,пельмени,г
1228,пеленгас,г
1227,пектин,г
1226,пекорино,г
1225,пекарский порошок,ч. л.
1224,пекарский порошок,г
1223,паштет,г
1222,пахта,г
1221,патока черная (меласса),г
1220,патока крахмальная,г
1219,патока,г
1218,патиссоны,г
1217,пастила виноградная,г
1216,пастила,г
1215,пастернак,г
1214,паста хариса,ст. л.
1213,паста тахини,г
1212,паста веджимайт,г
1211,паста,г
1210,пармезан,г
1209,паприка сладкая хлопьями,ч. л.
1208,паприка сладкая копченая,г
1207,паприка сладкая,г
1206,паприка острая копченая,г
1205,паприка красная молотая,г
1204,паприка красная,ст. л.
1203,паприка копченая,ст. л.
1202,паприка,г
1201,паппарделле,г
1200,папоротник соленый,упаковка
1199,папоротник,г
1198,папайя консервированная в собственном соку,г
1197,папайя,г
1196,панчетта,г
1195,Панифарин,г
1194,панеттоне,шт.
1193,пангасиус,г
1192,пальмовое масло,г
1191,палтус,г
1190,пажитник семена,г
1189,пажитник,г
1188,пагр,г
1187,ошеек,г
1186,отруби,г
1185,осьминоги мини,г
1184,осьминоги консервированные,г
1183,осьминог,г
1182,осетрина холодного копчения,г
1181,осетр,г
1180,ореховый соус,ст. л.
1179,ореховый ликер,мл
1178,ореховое масло,ст. л.
1177,ореховая паста,шт.
1176,ореховая крошка,стакан
1175,орехи пинии,г
1174,орехи пекан,г
1173,орехи макадамия,г
1172,орехи бразильские,г
1171,орехи,г
1170,орегано сушеный,г
1169,орегано свежий,г
1168,орегано,г
1167,опята маринованные,г
1166,опята замороженные,г
1165,опята,по вкусу
1164,опунция плоды,г
1163,оливковое масло Extra Virgin,г
1162,оливковое масло,г
1161,оливковая паста,г
1160,оливки черные,по вкусу
1159,"оливки, фаршированные анчоусами",г
1158,оливки консервированные,г
1157,оливки каламата,г
1156,оливки зеленые консервированные,банка
1155,оливки зеленые,по вкусу
1154,оливки без косточек,г
1153,оливки,г
1152,оленина,г
1151,окунь филе,г
1150,окунь морской филе,г
1149,окунь морской,г
1148,окунь красный филе,г
1147,окунь,г
1146,окорок варено-копченый,г
1145,окорок,г
1144,одуванчики,г
1143,огурцы соленые,г
1142,огурцы свежие,г
1141,огурцы маринованные,банка
1140,огурцы малосольные,шт.
1139,огурцы консервированные,шт.
1138,огурцы,г
1137,огуречный рассол,стакан
1136,овсяные хлопья быстрого приготовления,г
1135,овсяные хлопья,г
1134,овсяные отруби,г
1133,овсяные зерна,г
1132,овсяное толокно,г
1131,овсяное печенье,г
1130,овсяное молоко,стакан
1129,овсяная мука,г
1128,овощной бульон,по вкусу
1127,овощная смесь по-китайски,г
1126,овощная смесь замороженная для wok,г
1125,овощная смесь замороженная,г
1124,овощная смесь,г
1123,овощи,г
1122,облепиховый сироп,стакан
1121,облепиха замороженная,г
1120,облепиха,г
1119,нутовая мука,г
1118,нут консервированный,г
1117,нутелла,г
1116,нут,г
1115,нуга с орехами,г
1114,нуга,г
1113,нори,г
1112,нога ягненка без кости,г
1111,нектарины,шт.
1110,нардек,г
1109,мятный шнапс,г
1108,мятный сироп,г
1107,мята сушеная,г
1106,мята,г
1105,мясо на косточке,кг
1104,мясо криля,г
1103,мясо дикого кабана,г
1102,мясо,г
1101,мясной фарш,г
1100,мясной бульон,г
1099,мягкий творог,г
1098,мюсли,г
1097,мускатный орех молотый,г
1096,мускатный орех,г
1095,мускатное вино,г
1094,мускат белый,мл
1093,мука цельнозерновая,г
1092,мука хлебопекарная,г
1091,мука с семечками,г
1090,мука с отрубями,ч. л.
1089,мука самоподнимающаяся,г
1088,мука манитоба,г
1087,мука из пророщенной пшеницы,ст. л.
1086,мука для темпуры,г
1085,мука грубого помола,г
1084,мука «Аладушкин»,г
1083,мука 2 сорт,г
1082,мука 1 сорт,г
1081,мука,г
1080,моцарелла шарик большой,г
1079,моцарелла с травами,г
1078,моцарелла мини,г
1077,моцарелла для пиццы,г
1076,моцарелла для запекания,г
1075,моцарелла,г
1074,мортаделла,г
1073,морской язык филе,г
1072,морской язык,г
1071,морской черт,г
1070,морской коктейль замороженный,г
1069,морской коктейль в масле,упаковка
1068,морской коктейль,г
1067,морские гребешки,кг
1066,морошка,г
1065,мороженое шоколадное,мл
1064,мороженое пломбир,г
1063,мороженое малиновое,г
1062,мороженое лимонное,по вкусу
1061,мороженое клубничное,г
1060,мороженое ванильное,г
1059,мороженое,по вкусу
1058,морковь тертая,шт.
1057,морковь по-корейски,г
1056,морковь молодая,г
1055,морковь крупная,г
1054,морковь вареная,г
1053,морковь,г
1052,морковное пюре,г
1051,морепродукты,шт.
1050,молочные продукты,г
1049,молочная смесь,г
1048,молоко топленое,г
1047,молоко сухое обезжиренное,ст. л.
1046,молоко сухое,г
1045,молоко сгущенное с какао,г
1044,молоко сгущенное вареное,ст. л.
1043,молоко сгущенное,г
1042,молоко рисовое,мл
1041,молоко концентрированное,г
1040,молоко козье,г
1039,молоко 6%,г
1038,молоко 4%,г
1037,"молоко 3,6%",г
1036,"молоко 3,2%",г
1035,"молоко 2,5%",г
1034,"молоко 1,5%",г
1033,"молоко 0,5%",г
1032,молоко,г
1031,моллюски,г
1030,мойва,г
1029,можжевельник ягоды,г
1028,мисо-суп,пакет
1027,мисо-паста,г
1026,минтай филе,г
1025,минтай печень,г
1024,минтай,г
1023,минога,г
1022,мини-кукуруза,шт.
1021,миндаль рубленый,г
1020,миндаль очищенный,г
1019,миндальный экстракт,капля
1018,миндальный сироп,г
1017,миндальный ликер,г
1016,миндальные лепестки,г
1015,миндальное пралине,г
1014,миндальное печенье,г
1013,миндальное молоко,г
1012,миндальное масло,г
1011,миндальная эссенция,г
1010,миндальная паста,г
1009,миндальная мука,г
1008,миндальная масса,г
1007,миндаль измельченный,г
1006,миндаль жареный,г
1005,миндаль,г
1004,микрозелень,горсть
1003,мидии копченые в масле,г
1002,мидии замороженные,шт.
1001,мидии в раковинах мелкие зеленые,г
1000,мидии в раковинах крупные черные,г
999,мидии в раковинах,г
998,мидии,г
997,меренги,шт.
996,мелисса,г
995,мед лавандовый,г
994,мед жидкий,г
993,мед гречишный,г
992,мед акации,г
991,мед,г
990,маш,г
989,мацони,г
988,маца,г
987,мафальдине,г
986,матча,г
985,мастика шоколадная,г
984,мастика желатиновая,г
983,мастика,г
982,маслята,г
981,масло кедрового ореха,г
980,масло для фритюра,г
979,масло грецкого ореха,ч. л.
978,масло виноградных косточек,г
977,масло авокадо,г
976,маслины без косточек,г
975,маслины,г
974,маскарпоне,г
973,маршмеллоу мини,г
972,маршмеллоу крем,г
971,маршмеллоу,г
970,марципан розовый,г
969,марципан зеленый,г
968,марципан,по вкусу
967,мартини красный,г
966,мартини,г
965,марсала,стакан
964,мармелад бутербродный,г
963,мармелад,по вкусу
962,маргарин сливочный,г
961,маргарин,г
960,маракуйя,г
959,манная крупа,г
958,мандарины в собственном соку,г
957,мандарины,по вкусу
956,мандариновый сок,г
955,мандариновые цукаты,г
954,мандариновое пюре,г
953,мангустин,шт.
952,мангольд,г
951,манго консервированное,г
950,манговый сироп,мл
949,манго,по вкусу
948,малиновый чай,г
947,малиновый уксус,мл
946,малиновый соус,ч. л.
945,малиновый сироп,ч. л.
944,малиновый крем,г
943,малиновый джем,г
942,малиновое пюре,г
941,малиновое желе,г
940,малиновое варенье,г
939,малина сушеная,г
938,"малина, протертая с сахаром",стакан
937,малина замороженная,г
936,малина,г
935,маковая масса,пачка
934,мак молотый,г
933,маккерончини,г
932,макароны-ушки (orecchiette),г
931,макароны-спиральки (fusilli),г
930,макароны-рожки (pipe rigate),г
929,макароны рисони,г
928,макароны-ракушки крупные,г
927,макароны-ракушки (conchiglie rigate),г
926,макароны-ракушки (conchiglie),г
925,макароны орзо,г
924,макароны-звездочки,стакан
923,макароны диталони,г
922,макароны джильи,г
921,макароны букатини,г
920,макароны-бантики,г
919,макароны баветте,г
918,макароны-бабочки (farfalle) мини,г
917,макароны-бабочки (farfalle),г
916,макароны,г
915,макаронные изделия мелкие,г
914,макаронные изделия,г
913,мак,г
912,майоран сушеный,г
911,майоран свежий,по вкусу
910,майоран,г
909,майонез «Слобода» Сметанный,г
908,майонез «Слобода» С лимонным соком,г
907,майонез «Слобода» Провансаль,г
906,майонез «Слобода» Оливковый,г
905,майонез «Слобода» На перепелиных яйцах,г
904,майонез «Слобода» Легкий,г
903,майонез оливковый,г
902,майонезный соус «Слобода» Постный,г
901,майонез легкий,г
900,майонез домашний,г
899,майонез,г
898,мадера,г
897,маасдам,г
896,любисток,г
895,льняное семя молотое,г
894,льняное семя,г
893,льняное масло,ч. л.
892,льняная мука,г
891,лук-шалот красный,шт.
890,лук-шалот,г
889,лук сушеный,г
888,лук салатный,шт.
887,лук репчатый мелкий,г
886,лук репчатый,г
885,лук-резанец,по вкусу
884,лук-порей,горсть
883,луковый порошок,г
882,луковая шелуха,г
881,лук маринованный,г
880,лук красный,по вкусу
879,лук зеленый,г
878,лук белый,по вкусу
877,лосятина,кг
876,лосось холодного копчения,г
875,лосось филе на коже,г
874,лосось филе,г
873,лосось стейки,г
872,лосось слабосоленый,г
871,лосось свежий филе,г
870,лосось свежий,г
869,лосось свежесоленый,г
868,лосось копченый,г
867,лосось горячего копчения,г
866,лосось,г
865,лососевый фарш,г
864,лососевые молоки,г
863,лонгконг,шт.
862,лонган,г
861,лобстер,г
860,личи компот,г
859,личи,шт.
858,лисички сушеные,г
857,лисички,г
856,лингвине,шт.
855,лимоны,г
854,лимончелло,г
853,лимонный экстракт,г
852,лимонный уксус,г
851,лимонный сок,г
850,лимонные цукаты,г
849,лимонные корочки засахаренные,г
848,лимонник ягоды,г
847,лимонник стебель,г
846,лимонная цедра,г
845,лимонная кислота,г
844,лимонад,г
843,ликер сливочный,г
842,ликер кремовый,г
841,ликер Cointreau,г
840,ликер Baileys,г
839,ликер Amaretto,г
838,ликер Alchermes,г
837,ликер,г
836,ливер,г
835,лечо,г
834,лесные орехи,г
833,лепешки арабские,шт.
832,лепешки,г
831,лен семена,г
830,лемонграсс (лимонное сорго),г
829,леди-фиш тушка,шт.
828,лед,г
827,легкие,г
826,латук,г
825,лапша яичная в гнездах,шт.
824,лапша ширатаки,г
823,лапша для лагмана,упаковка
822,лапша,г
821,лангустины,шт.
820,лаймовый сок,г
819,лаймовая цедра,г
818,лайм листья,шт.
817,лайм,г
816,лавровый лист,г
815,лавровые листья свежие,шт.
814,лаваш тонкий,пласт
813,лаваш персидский круглый,г
812,лаваш армянский,г
811,лаваш,по вкусу
810,лавандовый краситель,ч. л.
809,лаванда сушеная,щепотка
808,лаванда,г
807,кэроб,г
806,кускус жемчужный,стакан
805,кускус,г
804,куропатки,г
803,куркума,г
802,курица тушка,г
801,курица копченая,г
800,курица для жарки,кг
799,курица вареная,г
798,курица,г
797,куриный фарш,г
796,куриный суповой набор,кг
795,куриный паштет,г
794,куриный бульон,г
793,куриные сердечки,г
792,куриные потрошки,г
791,куриные окорочка копченые,г
790,куриные окорочка,г
789,куриные крылья,г
788,куриные кости,г
787,куриные желудочки,шт.
786,куриные грудки копченые,г
785,куриные грудки вареные,г
784,куриные грудки,г
783,куриные голени копченые,шт.
782,куриные голени,г
781,куриные бедра,г
780,куриное филе,г
779,куриное карпаччо,г
778,куриная печень,г
777,куриная кожа,г
776,куриная ветчина,г
775,курдючный жир,г
774,курдючное сало,г
773,курага,по вкусу
772,купаты,шт.
771,кунжут черный,ч. л.
770,кунжутные семечки,по вкусу
769,кунжутное масло,г
768,кунжутная паста,г
767,кунжутная мука,г
766,кунжут,г
765,кумкваты,горсть
764,кумин,г
763,кукурузный крахмал,по вкусу
762,кукурузный (золотой) сироп,г
761,кукурузные чипсы,г
760,кукурузные хлопья глазированные,г
759,кукурузные хлопья,г
758,кукурузные палочки,г
757,кукурузные лепешки,шт.
756,кукурузное масло,г
755,кукурузная мука,г
754,кукурузная крупа,г
753,кукуруза обжаренная кикос,г
752,кукуруза консервированная,г
751,кукуруза замороженная,г
750,кукуруза,г
749,крыжовниковое варенье,банка
748,крыжовник,г
747,крутоны мелкие,г
746,круассаны,по вкусу
745,кроличья печень,г
744,кролик филе,г
743,кролик тушка,г
742,кролик,г
741,кровь,мл
740,кресс-салат,г
739,крем-фреш,г
738,крем заварной порошковый,г
737,крем заварной,г
736,крекер соленый,г
735,крекер,г
734,креветки тигровые,г
733,креветки сушеные,г
732,креветки салатные,г
731,креветки очищенные в рассоле,г
730,креветки очищенные,г
729,креветки королевские,г
728,креветки замороженные,г
727,креветки,г
726,крахмал,г
725,красный винный соус,г
724,красносмородиновое варенье,г
723,красноперка,шт.
722,"красная смородина, протертая с сахаром",ст. л.
721,красная смородина,г
720,краситель пищевой черный,г
719,краситель пищевой фиолетовый,г
718,краситель пищевой оранжевый,г
717,краситель пищевой красный,г
716,краситель пищевой зеленый,ст. л.
715,краситель пищевой желтый,г
714,краситель пищевой вишневый,щепотка
713,краситель пищевой,г
712,краситель-гель пищевой,шт.
711,крапива,г
710,крабы,г
709,краб снежный,по вкусу
708,крабовые палочки,по вкусу
707,крабовое мясо,г
706,кофе эспрессо,стакан
705,кофе черный,г
704,кофе свежесваренный,г
703,кофе растворимый,г
702,кофе молотый,ст. л.
701,кофейный экстракт,мл
700,кофейный сироп,г
699,кофейный напиток,мл
698,кофейный ликер Kahlua,мл
697,кофейный ликер,г
696,кофейные зерна в шоколаде,г
695,кофе зеленый,г
694,кофе в зернах,стакан
693,кость сахарная,г
692,кости мозговые,г
691,кости,г
690,корюшка горячего копчения,г
689,корюшка,г
688,корнишоны маринованые,г
687,корнишоны,г
686,корица молотая,г
685,корица,г
684,коринка,ст. л.
683,кориандр семена,г
682,кориандр молотый,г
681,кориандр зелень,г
680,кориандр,г
679,коренья,по вкусу
678,копчености,г
677,коньяк,г
676,конфитюрка,упаковка
675,конфитюр,по вкусу
674,конфеты Трюфель,г
673,конфеты Коровка,г
672,конфеты жевательные лакричные,г
671,конфеты M&M’s,г
670,конфеты,по вкусу
669,конопля семена,г
668,конопляное масло,ст. л.
667,компот,г
666,колбаски сырокопченые,шт.
665,колбаски охотничьи,г
664,колбаски домашние,шт.
663,колбаски для жарки,г
662,колбаски,г
661,колбаска свиная свежая (salsiccia),шт.
660,колбаса сырокопченая,г
659,колбаса полукопченая,г
658,колбаса кровяная,г
657,колбаса копченая,г
656,колбаса варено-копченая,г
655,колбаса вареная,г
654,колбаса,г
653,кола,г
652,кокосы,г
651,кокосовый экстракт,г
650,кокосовый ликер,ст. л.
649,кокосовые сливки,г
648,кокосовое молоко,г
647,кокосовое масло,мл
646,кокосовая стружка цветная,г
645,кокосовая стружка,г
644,кокосовая мука,ст. л.
643,кокосовая вода,стакан
642,кока-кола,ст. л.
641,козлятина молодая,кг
640,козлиная печень,г
639,клюквенный соус,г
638,клюквенный сироп,г
637,клюквенный морс,ст. л.
636,клюквенный джем,г
635,клюквенное варенье,г
634,"клюква, протертая с сахаром",г
633,клюква замороженная,г
632,клюква вяленая,г
631,клюква,г
630,клубничный сироп,г
629,клубничный ликер,г
628,клубничный компот,стакан
627,клубничный джем густой,мл
626,клубничный джем,г
625,клубничное пюре,г
624,клубничное желе,упаковка
623,клубничное варенье,г
622,клубника сушеная,г
621,"клубника, протертая с сахаром",г
620,клубника замороженная,г
619,клубника в сиропе,г
618,клубника,г
617,кленовый сироп,г
616,клементины,г
615,клейковина,г
614,кишки,г
613,кисломолочный напиток Тан,мл
612,кисель сухой,г
611,кисель,г
610,кирш,ст. л.
609,кипяток,г
608,киноа молотая,г
607,киноа,г
606,кинза сушеная,г
605,кинза свежая,зубчик
604,кимчи,г
603,килька,г
602,кизил,г
601,кижуч горячего копчения филе,г
600,кижуч,г
599,киви желе,г
598,киви,кг
597,кивано,г
596,кешью,г
595,кефир обезжиренный,г
594,"кефир 3,2%",г
593,"кефир 2,5%",г
592,кефир 1%,г
591,кефир,по вкусу
590,кефаль,г
589,кетчуп шашлычный,г
588,кетчуп тосканский,ст. л.
587,кетчуп томатный,г
586,кетчуп острый,по вкусу
585,кета,г
584,кедровые орехи жареные,г
583,кедровые орехи,г
582,кедровая мука,г
581,квас хлебный,г
580,квасной концентрат сухой,упаковка
579,квасное сусло,г
578,квас,г
577,каштаны очищенные,г
576,каштаны консервированные,г
575,каштаны вареные,г
574,каштаны,г
573,каштановый крем,г
572,каштановая мука,г
571,каша для детского питания,г
570,каша,г
569,каффир-лайм листья,по вкусу
568,катык,г
567,картофель печеный,г
566,картофельный хэш замороженный,г
565,картофельный отвар,г
564,картофельный крахмал,г
563,картофельные чипсы,г
562,картофельные хлопья,г
561,картофельные ньокки,г
560,картофельное пюре,по вкусу
559,картофель молодой,г
558,картофель вареный в мундире,г
557,картофель вареный,г
556,картофель,г
555,карри паста,пакет
554,карри листья,г
553,карри,г
552,карп филе,кг
551,карп зеркальный,кг
550,карп,г
549,каркаде,г
548,кардамон стручки,шт.
547,кардамон молотый,г
546,кардамон зерна,ч. л.
545,кардамон,г
544,карбонад,г
543,карась,г
542,карамель соленая,г
541,карамель с начинкой,г
540,карамельный соус,г
539,карамель,мл
538,карамбола,г
537,каракатица очищенная,г
536,каракатица,г
535,капучино,г
534,капустный рассол,г
533,капуста цветная замороженная,г
532,капуста цветная,г
531,капуста савойская,г
530,капуста пекинская,г
529,капуста морская сушеная,г
528,капуста морская замороженная,г
527,капуста морская,по вкусу
526,капуста краснокочанная,г
525,капуста кольраби,г
524,капуста квашеная,по вкусу
523,капуста кале,г
522,капуста брюссельская замороженная,г
521,капуста брюссельская,г
520,капуста белокочанная,г
519,каперсы маринованные,г
518,каперсы в винном уксусе,г
517,каперсы,г
516,капеллини,г
515,каннеллони,г
514,кандурин золотой,ч. л.
513,кампари,мл
512,камбала филе,г
511,камбала,г
510,камамбер,упаковка
509,кальмары филе,шт.
508,кальмары консервированные,г
507,кальмары замороженные,г
506,кальмары вареные,г
505,кальмары,г
504,кальвадос,г
503,калинджи семена,ч. л.
502,калина протертая,г
501,калина,по вкусу
500,какао сгущенное,банка
499,какао-порошок обезжиренный,г
498,какао-порошок,по вкусу
497,какао-масло,г
496,какао-бобы,г
495,какао,горсть
494,каджунская смесь специй,ст. л.
493,кабачки молодые,г
492,кабачки замороженные,г
491,кабачки,г
490,йогурт фруктовый,г
489,йогурт обезжиренный,г
488,йогурт нежирный,г
487,йогурт натуральный,г
486,йогурт козий,г
485,йогурт жирный,г
484,йогурт греческий,г
483,йогурт,г
482,итальянские травы,г
481,ириски,г
480,ирга,г
479,инжир сушеный,г
478,инжир свежий,г
477,инжир,г
476,индюшачья печень,г
475,индоутка,шт.
474,индейка филе,г
473,индейка фарш,г
472,индейка тушка,шт.
471,индейка копченая,г
470,индейка грудка,г
469,индейка голень,г
468,индейка,г
467,имбирь молотый,г
466,имбирь маринованный,г
465,имбирь корень,г
464,имбирь засахаренный,г
463,имбирь,г
462,имбирные цукаты,ст. л.
461,имбирное печенье,по вкусу
460,имбирное варенье,г
459,икра черная,г
458,икра судака,г
457,икра палтуса,г
456,икра мойвы,г
455,икра лосося,г
454,икра летучей рыбы,г
453,икра красной рыбы мелкая,г
452,икра красная,г
451,икра горбуши зернистая,г
450,икра вяленой рыбы,г
449,икра,г
448,изюм черный,г
447,изюм белый,г
446,изюм без косточек,г
445,изюм,г
444,изолят соевого протеина,г
443,зубатка филе,г
442,зубатка,г
441,злаковые хлопья,г
440,зира,г
439,зефир,г
438,земляника замороженная,г
437,земляника,по вкусу
436,зелень рубленая,г
435,зелень,г
434,зверобой,по вкусу
433,заправка для салатов готовая,г
432,заменитель сахара стевия,г
431,заменитель сахара,по вкусу
430,закваска вечная,г
429,закваска,пакет
428,зайчатина,г
427,загуститель для сливок,г
426,завтрак сухой подушечки,г
425,завтрак сухой,г
424,заатар,щепотка
423,жир растительный,г
422,жир кулинарный,г
421,жир вытопленный,стакан
420,жир,г
419,жимолость,г
418,жидкий дым,г
417,женьшень,г
416,желирующий сахар,г
415,желирующее вещество,упаковка
414,желе для торта,упаковка
413,желе,г
412,желатин листовой,по вкусу
411,желатин,г
410,ёрш-носарь,шт.
409,ерш,г
408,ежевика замороженная,г
407,ежевика,г
406,дыня,г
405,душица,г
404,дубовая кора,г
403,дрожжи сухие,по вкусу
402,дрожжи свежие,г
401,дрожжи домашние,г
400,драже,г
399,дорада тушка,шт.
398,дорада с головой,шт.
397,дорада потрошеная с головой,шт.
396,дорада,шт.
395,долма,г
394,диоксид титана,г
393,джусай,г
392,джин,г
391,джем,г
390,детское питание,г
389,дайкон,г
388,гусь тушка,кг
387,гусь,г
386,гусиный жир,ст. л.
385,гусиная печень,г
384,гусиная грудка копченая,г
383,гурьевская каша,г
382,гуанчиале,г
381,гуава,шт.
380,грюйер,г
379,груши вяленые,г
378,груши,по вкусу
377,грушевый уксус,ст. л.
376,грушевый сок,г
375,грушевый сироп,мл
374,грушевый ликер,мл
373,грушевое пюре,г
372,грудинка копченая,по вкусу
371,грудинка варено-копченая,г
370,грудинка,г
369,гриссини,г
368,гриль,г
367,грибы шиитаке сухие,г
366,грибы шиитаке,г
365,грибы сухие,г
364,грибы соломенные консервированные,шт.
363,грибы соленые,г
362,грибы свежие,г
361,грибы маринованные,г
360,грибы лесные,г
359,грибы замороженные (опята и маслята),г
358,грибы замороженные,г
357,грибы белые сухие,г
356,грибы белые маринованные,г
355,грибы белые замороженные,г
354,грибы белые,г
353,грибы,г
352,гречневые хлопья,г
351,гречневое молоко,стакан
350,гречневая мука,г
349,гречневая лапша соба,г
348,гречневая крупа зеленая,ст. л.
347,гречневая крупа,г
346,грецкие орехи рубленые,г
345,грецкие орехи,г
344,гренки,г
343,гренадин,г
342,грейпфруты розовые,г
341,грейпфруты,г
340,грейпфрутовый сок,г
339,грейпфрутовая цедра,г
338,гратен,кг
337,граппа,ч. л.
336,гранола с орехами,г
335,гранита,г
334,гранаты,г
333,гранатовый соус,ч. л.
332,гранатовый сок свежевыжатый,мл
331,гранатовый сок,г
330,гранатовый сироп,г
329,гранатовая паста,ст. л.
328,гранатные зерна,г
327,грана падано,ст. л.
326,горчичный порошок,г
325,горчичное масло,г
324,горчица цитрусовая,г
323,горчица французская,г
322,горчица сухая,г
321,горчица с зернами,г
320,горчица семена,г
319,горчица русская,ст. л.
318,горчица острая,г
317,горчица желтая семена,г
316,горчица дижонская с медом,г
315,горчица дижонская,г
314,горчица,г
313,горошек стручковый свежий,г
312,горошек зеленый консервированный,г
311,горошек зеленый замороженный,г
310,горошек зеленый,г
309,гороховый суп,г
308,гороховые ростки,горсть
307,горох колотый,г
306,горох,г
305,горгонзола пиканте,г
304,горгонзола,г
303,горбуша филе,г
302,горбуша в собственном соку,банка
301,горбуша,по вкусу
300,голубь,г
299,голубика замороженная,г
298,голубика,г
297,голец филе,шт.
296,годжи,г
295,говяжья шейка,кг
294,говяжья черева,г
293,говяжья печень,шт.
292,говяжья мякоть,кг
291,говяжья мозговая кость,шт.
290,говяжья лопатка,г
289,говяжья грудинка,кг
288,говяжья вырезка,шт.
287,говяжьи стейки рибай,г
286,говяжьи ребра,г
285,говяжьи легкие,г
284,говяжьи голяшки,г
283,говяжьи бифштексы,г
282,говяжье сердце,по вкусу
281,говяжий язык,г
280,говяжий фарш,по вкусу
279,говядина на кости,г
278,говядина,г
277,глюкоза сироп,г
276,глюкоза,г
275,глутамат натрия,г
274,глазурь шоколадная белая,г
273,глазурь черная,по вкусу
272,глазурь готовая,по вкусу
271,глазурь белая,г
270,глазурь,г
269,геркулес,г
268,герань листья,г
267,гвоздика молотая,по вкусу
266,гвоздика,г
265,гаспачо,г
264,гарнир,г
263,гарам масала,г
262,ганаш,г
261,гамбургер,г
260,галеты,г
259,галангал корень,долька
258,вустерширский соус,г
257,водоросли,г
256,водка анисовая,ч. л.
255,водка,г
254,вода минеральная газированная,г
253,вода минеральная без газа,стакан
252,вода,г
251,"вишня, протертая с сахаром",г
250,вишня мараскино,шт.
249,вишня коктейльная,г
248,вишня засахаренная кондитерская,шт.
247,вишня замороженная,г
246,вишня вяленая,г
245,вишня,г
244,вишневый сок,г
243,вишневый сироп,стакан
242,вишневый ликер,по вкусу
241,вишневый джем,г
240,вишневые листья,г
239,вишневое варенье,г
238,вишневая настойка,мл
237,витамин C в порошке,г
236,виски,г
235,вино розовое полусухое,г
234,вино розовое полусладкое,ст. л.
233,вино крепленое,г
232,вино красное сухое,г
231,вино красное сладкое,г
230,вино красное полусухое,г
229,вино красное полусладкое,г
228,вино красное,г
227,вино игристое сухое,г
226,вино десертное,г
225,виноград черный,г
224,виноград синий,г
223,виноградный сок осветленный,ч. л.
222,виноградный сок,г
221,виноградные листья молодые,шт.
220,виноградные листья маринованные,г
219,виноградные листья,г
218,виноградное желе,ст. л.
217,виноград изабелла,кг
216,виноград белый,г
215,виноград без косточек,г
214,виноград,г
213,вино белое сухое,г
212,вино белое столовое,стакан
211,вино белое сладкое,г
210,вино белое полусухое,г
209,вино белое полусладкое,г
208,вино белое,по вкусу
207,винный уксус на эстрагоне,ст. л.
206,винный уксус на чесноке,ч. л.
205,винный уксус красный,ч. л.
204,винный уксус белый,г
203,винный уксус,г
202,винный камень,щепотка
201,винегрет,г
200,вешенки,г
199,ветчина сырокопченая,г
198,ветчина пармская,г
197,ветчина копченая,г
196,ветчина варено-копченая,кусок
195,ветчина вареная,г
194,ветчина,г
193,вермут сухой,г
192,вермут белый,г
191,вермут,г
190,вермишель яичная,г
189,вермишель,г
188,вафли шоколадные,г
187,вафли,г
186,вафельные трубочки,г
185,вафельные коржи,г
184,вафельная крошка,г
183,васаби,г
182,варенье,г
181,ванильный экстракт,по вкусу
180,ванильный сироп,г
179,ванильный порошок,г
178,ванильная эссенция,г
177,ванильная настойка,ст. л.
176,ваниль в стручках,г
175,ванилин,г
174,бычий хвост,г
173,бусинки кондитерские серебряные,по вкусу
172,бусинки кондитерские,ч. л.
171,буряк,г
170,Буррата,г
169,бурбон,г
168,бульонные кубики,г
167,бульон,г
166,булочки с кунжутом,шт.
165,булочки ржаные,кусок
164,булочки зерновые,шт.
163,булочки для гамбургеров,шт.
162,булочки вчерашние,шт.
161,булочки бриошь,шт.
160,булочки белые черствые,г
159,булочки,г
158,булка сдобная,г
157,булка белая,г
156,булка,кусок
155,булгур,г
154,букет гарни,пучок
153,бузина сироп,ст. л.
152,буженина,г
151,брюква,г
150,брынза сербская,г
149,брынза,по вкусу
148,брусничный соус,г
147,брусничное варенье,г
146,брусника сушеная,г
145,брусника свежая,г
144,брусника замороженная,г
143,брокколи свежая,г
142,брокколи замороженная,г
141,бренди,г
140,брезаола,г
139,ботарга,г
138,бобы тонка,шт.
137,бобы мунг пророщенные,г
136,бобы,г
135,бобовые ростки,г
134,блины овсяные,шт.
133,блины готовые,г
132,блинная мука,г
131,бифштекс,шт.
130,бисквит шоколадный,г
129,бисквитный рулет,г
128,бисквитный корж,г
127,бисквитная крошка,г
126,бисквит,г
125,бисквик смесь готовая,пакет
124,бирнель,мл
123,белорыбица,г
122,бекон сырокопченый,г
121,бекон варено-копченый,г
120,бекон,по вкусу
119,безе,г
118,батончики шоколадные,г
117,батон,г
116,батат,г
115,бастурма,г
114,барбарис молотый,г
113,барбарис вяленый,ст. л.
112,барбарис,г
111,баранья печень,г
110,баранья нога,г
109,баранья лопатка,кг
108,бараньи ребрышки,шт.
107,бараньи потроха,кг
106,бараньи голяшки,шт.
105,бараньи антрекоты,кг
104,баранки,г
103,баранина,г
102,бараний фарш,г
101,бараний окорок на косточке,кусок
100,бараний ливер,г
99,барабулька,г
98,бананы мини,г
97,бананы,г
96,банановый ликер,мл
95,банановый зеленый сироп,мл
94,банановые чипсы,горсть
93,банановое пюре,г
92,бамия,г
91,бальзам рижский черный,ст. л.
90,бальзамический уксус,стакан
89,бальзамический соус,ст. л.
88,бальзамический крем,стакан
87,бальзам,г
86,балык,г
85,баклажаны тайские,г
84,баклажаны мини,г
83,баклажаны,по вкусу
82,базилик фиолетовый,г
81,базилик тайский,горсть
80,базилик сушеный,г
79,базилик свежий,г
78,базилик лимонный,г
77,бадьян,щепотка
76,бадан,звездочка
75,багет мини,г
74,багет вчерашний,г
73,багет,г
72,аши,г
71,ассорти ягодное,г
70,ассорти фруктовое,г
69,ассорти овощное,г
68,ассорти мясное,г
67,аспирин,шт.
66,артишоки маринованные,г
65,артишоки в масле,г
64,артишоки,г
63,"ароматизатор ""ром""",г
62,"ароматизатор ""малина""",капля
61,"ароматизатор ""вишня""",капля
60,"ароматизатор ""ананас""",по вкусу
59,ароматизатор,г
58,аришта,г
57,аргановое масло,г
56,арбузы,г
55,арбузная мякоть,г
54,арахис соленый,г
53,арахисовое масло,г
52,арахисовая паста,г
51,арахис жареный,г
50,арахис,г
49,апельсины крупные,шт.
48,апельсины красные,шт.
47,апельсины,г
46,апельсиновый экстракт,ч. л.
45,апельсиновый уксус,ст. л.
44,апельсиновый сок свежевыжатый,г
43,апельсиновый сок,по вкусу
42,апельсиновый сироп,стакан
41,апельсиновый ликер,г
40,апельсиновый джем с имбирем,г
39,апельсиновый джем,г
38,апельсиновые цукаты,г
37,апельсиновое варенье,г
36,апельсиновая эссенция,ч. л.
35,апельсиновая цедра,г
34,апельсиновая вода,г
33,анчоусы,г
32,анис семена,г
31,анисовый ликер,мл
30,анис звездочки,г
29,анис,по вкусу
28,ананасы консервированные,по вкусу
27,ананасы вяленые,г
26,ананасы,г
25,ананасовый сок,г
24,ананасовый сироп,г
23,амарантовая мука,г
22,альмехи,г
21,альбухара,шт.
20,алыча,г
19,алкоголь крепкий,ст. л.
18,алкоголь,стакан
17,акула стейки,г
16,айсинг,г
15,айран,г
14,айвовое пюре,г
13,айва,по вкусу
12,аджика зеленая,г
11,аджика,г
10,аграм,г
9,агар-агар,г
8,агава сироп,г
7,авокадо,по вкусу
6,абрикосы консервированные,г
5,абрикосы,г
4,абрикосовый сок,стакан
3,абрикосовый джем,г
2,абрикосовое пюре,г
1,абрикосовое варенье,г
